post_id,post_title,post_text,comment_id,comment_text,source_type,date
reddit_01,"Large design system performance is killing us — any workarounds?","Maintaining a design system for ~40 designers, 200+ components across 8 library files. Publishing library changes takes 4-5 minutes, during which my machine freezes. Opening the main component file takes literally 2 minutes. M2 Max MacBooks with 32GB RAM, so definitely not hardware. Anyone found actual solutions? We're considering alternatives but switching cost is enormous.",reddit_01_c1,"We split our design system into smaller libraries — 'core,' 'navigation,' 'forms,' 'data display,' etc. More work managing cross-library dependencies but performance improved significantly. Still not great, but usable. The fact that we have to architect around Figma's limitations is ridiculous.","social",2025-07-10
reddit_01,,,reddit_01_c2,"honestly this is why I left for Penpot. it's not perfect either but at least when things break I can file a GitHub issue and see someone working on it instead of getting a canned response about clearing my cache","social",2025-07-10
reddit_01,,,reddit_01_c3,"Try closing unused pages and hiding components in the assets panel before publishing. Also, if you have 50+ variants of the same component with hidden layers, Figma still renders hidden content in memory. Not a real fix but helps. Known issue they've ignored while shipping AI features.","social",2025-07-10
reddit_01,,,reddit_01_c4,"Am I the only one who doesn't have issues? We have ~150 components and it runs fine. Maybe clean up your files? I see designers with 47 unused frames and 200 'concept_v2_FINAL' pages then complain about slowness. Garbage in, garbage out.","social",2025-07-10
reddit_01,,,reddit_01_c5,"This is a Figma problem, not file hygiene. We keep our files meticulously clean and still see degradation every update. The WebAssembly runtime has limits. They need to invest in core engineering instead of building Figma Slides and AI gimmicks.","social",2025-07-10
reddit_01,,,reddit_01_c6,"The variables system made everything worse. We had a fine color system with styles, switched to variables because Figma said it was the future, now publishing takes 3x longer and half the time variables don't propagate correctly. Our design system lead is losing her mind.","social",2025-07-10
reddit_01,,,reddit_01_c7,"I lost a component library we'd built for three years because Figma corrupted the file during publish. Support said they can't recover it, suggested version history — which only went back 30 days and didn't have the right version. Three years. Gone. I still use it because our company mandates it but I'll never trust it again.","social",2025-07-10
reddit_01,,,reddit_01_c8,"Switching cost is the only thing keeping us on Figma. Once a viable Figma-to-Penpot converter exists, you'll see a mass exodus. They're coasting on network effects.","social",2025-07-10
reddit_02,"UI3 redesign: I've given it three months and I'm still slower","Not reflexively anti-change — I liked Sketch's symbol overhaul and XD's component states. But UI3 is different. Constraints now a dropdown (was directly visible). Clip content went from checkbox to dropdown — for a binary option! Plugins unsavable, have to use community page. Bottom toolbar is fine but they JUST trained everyone to use the top toolbar for library updates, now that button is gone. I've timed it: ~15-20 extra minutes per day on extra clicks. Over a year that's 80 hours of my life. A design tool making objectively worse UX decisions. The irony.",reddit_02_c1,"There's a Chrome extension called 'Figma UI2 Restorer' but it breaks with every update and the dev seems to have abandoned it. Used it for two weeks before it stopped working.","social",2025-06-18
reddit_02,,,reddit_02_c2,"The clip content dropdown is genuinely indefensible. A checkbox has two states. A dropdown has two states. Zero functional difference except the dropdown needs two clicks instead of one. Someone actively chose to make that interaction worse and nobody stopped them.","social",2025-06-18
reddit_02,,,reddit_02_c3,"Hot take: UI3 is actually fine. I switched in a week and now the old UI looks dated. Turn on labels in toolbar settings, helps a lot. People just hate change. Remember when Sketch introduced components? Same energy.","social",2025-06-18
reddit_02,,,reddit_02_c4,"'People just hate change' is lazy. I've used design tools professionally for 15 years — Macromedia to Adobe, Photoshop to Sketch, Sketch to Figma. I adapt fine. UI3 actively slows power users. When you use constraints 50+ times a day and each goes from 1 click to 2, that's measurable productivity loss. Not about change, about efficiency.","social",2025-06-18
reddit_02,,,reddit_02_c5,"The library update button thing drives me crazy. They literally sent emails saying 'use the top toolbar for library updates now!!' and six months later they remove that button. Why train users on a workflow you're about to deprecate?","social",2025-06-18
reddit_02,,,reddit_02_c6,"No way to revert. Figma said old UI won't be supported. I've rebuilt my muscle memory, still slower than before but stopped being actively angry. Progress?","social",2025-06-18
reddit_02,,,reddit_02_c7,"This thread makes me feel seen. Thought I was being dramatic about the constraints thing. My PM keeps asking why I'm slower this quarter and I'm like 'Figma redesigned their toolbar' and she looks at me like I'm insane.","social",2025-06-18
reddit_02,,,reddit_02_c8,"Philosophy shift is what bugs me. UI3 optimized for beginners, not power users. Everything 'cleaner' and 'simpler' at cost of discoverability. This is a professional tool with hundreds of thousands of daily users. Stop optimizing for the first 10 minutes and respect people who spend 8 hours a day here.","social",2025-06-18
reddit_03,"Figma accidentally charged us $1,200 — seat management feels predatory","Professional plan, 8 editor seats. Last month bill was $1,200 instead of ~$200. Turns out when we shared files with external stakeholders for review, some clicked 'request edit access' (which Figma prompts) and our admin approved without realizing it adds paid seats. NO warning about billing increase. NO confirmation dialog. Support says no refunds because seats were 'used.' We're a small agency, $1,000 extra isn't nothing. This is clearly by design — they know the UX is confusing and profit from it. How do we lock down seat upgrades?",reddit_03_c1,"Set the default seat type to 'Viewer-restricted' in admin settings. It's buried but prevents people from silently upgrading. Figma should make this the default but won't because accidental upgrades are revenue.","social",2025-08-22
reddit_03,,,reddit_03_c2,"Same thing happened to us last quarter, $840 unexpected charges. Nonprofit with limited budget, completely blew our software budget for the month. A simple 'Approving will add $15/month, continue?' would solve 90% of this. The fact they haven't done it after years of complaints tells you everything.","social",2025-08-22
reddit_03,,,reddit_03_c3,"I created an internal wiki page just to teach our team how to safely view Figma files without costing money. Three pages long. We have internal documentation for HOW TO LOOK AT A FILE. Not normal. Billing model is deliberately hostile.","social",2025-08-22
reddit_03,,,reddit_03_c4,"That's exactly why we switched to annual billing — at least the seat count is locked and we can budget. Monthly with variable seats is a nightmare. Figma's billing punishes collaboration, their entire value prop.","social",2025-08-22
reddit_03,,,reddit_03_c5,"You can set billing alerts in admin settings to notify when seats are added. Not obvious but exists. Doesn't fix the problem but at least you know immediately instead of at end of month.","social",2025-08-22
reddit_03,,,reddit_03_c6,"Escalated aggressively, took 3 weeks and multiple tickets but they refunded. Key was proving the added 'editor' never actually edited anything, just viewed. If you can show seats weren't used, they're more likely to refund. Shouldn't be this hard.","social",2025-08-22
reddit_03,,,reddit_03_c7,"This is why I'm learning Penpot. Open source, self-hosted, no seat management nonsense. Tool isn't as polished but at least I understand what I'm paying for. Figma is burning goodwill.","social",2025-08-22
reddit_03,,,reddit_03_c8,"Worked at a SaaS company: this pattern is never an accident. Someone decided not to add a confirmation dialog, probably justified as 'reducing friction in upgrade flow.' We all know it's about maximizing unintentional conversions. Dark patterns are dark patterns even when a design tool does it.","social",2025-08-22