thread_title,post_text,comment
Host cancelled 36 hours before our anniversary trip - what are my options?,"Title says it all. We booked this place in Brooklyn 5 months ago for our 10-year anniversary trip. Host just cancelled this morning citing 'maintenance issues' but I just checked and the listing is STILL ACTIVE for the dates after ours. So basically she's bumping us to take a higher-paying booking. Our flight is in 36 hours and every comparable place in Brooklyn is now 60-80% more expensive because we're booking last minute. Airbnb offered me a $50 rebooking credit which is a joke. The price difference for an equivalent place is $1,100. Anyone been through this? What's actually possible to get from support?",
,,"Same thing happened to us last year before a wedding. We escalated to Trust & Safety with screenshots showing the listing was relisted. They eventually covered 100% of the difference but it took 11 days of back and forth. Keep all screenshots. Don't cancel the listing yourself - make THEM cancel it because that's how the host gets the strike. Document everything."
,,"This is the #1 problem with Airbnb in 2026. The platform has 'cancellation strikes' for hosts but the consequences are mild compared to the upside hosts get from bumping a low booking for a high one. There's no real enforcement. I switched to hotels for anything important. Birthdays, weddings, work trips - I'd rather pay 20% more for guaranteed accommodation."
,,"Get on Twitter immediately. Tag @AirbnbHelp publicly. They move faster when it's visible. The $50 credit they offered is the standard auto-response - it's not their actual ceiling. The full rebooking credit can be up to 100% of original booking amount. Push for that minimum. You'll have to explicitly ask."
,,"I'm a Superhost and I want to say not all of us do this. It's a tiny minority of hosts who treat the platform like a bidding war. The platform should be tougher. They've added new policies but they don't enforce them consistently. The good hosts are paying the reputation cost for the bad ones."
,,"My experience: same thing 4 days before a holiday in Italy. Got rebooked in a worse area at higher cost. Airbnb covered about 60% of the difference. The 'rebooking specialist' team is real and they have more discretion than first-line agents. Ask for them. If you've documented everything you should be able to extract at least 70-80% coverage."
,,"This is why I won't use Airbnb for anything time-sensitive. Did Tokyo for 3 weeks last spring and 2 hosts cancelled on me before the trip. One claimed personal reasons that turned out to be a Taylor Swift concert (looked at listing dates). The asymmetry between host and guest consequences is the entire problem."
,,"OP - look into your travel insurance if you have it. Some policies cover accommodation difference when a host cancels late. It's worth a check. Doesn't help fix the system but might offset the immediate cost."
Cleaning fees are getting completely out of control - we need to talk about this,"$215 cleaning fee on a $198 two-night stay. WTF. It says I'm paying for cleaning but the house rules ALSO require me to wash all dishes, start a load of towels, take out the trash, strip the bed sheets. So what exactly is the $215 covering? At a hotel I'd pay no cleaning fee and have someone make the bed daily. We've crossed the line where Airbnb is more expensive than hotels for most short trips and the value proposition is gone.",
,,"Hosts will tell you it's the cost of professional cleaning between guests. And for some hosts that's true. But hosts also set the cleaning fee themselves and many use it as hidden price - it lets them appear cheaper on the search page because nightly rate looks lower. The whole system is designed to obscure the real cost."
,,"Sort by total price. There's a toggle in filters. Yes you have to find it every time. Yes it should be the default. But once you sort by total the price-hiding hosts drop off the top of your results."
,,"As a host - my cleaning fee is exactly what my cleaner charges me. €40. I'm not making a margin on it. But guests assume all hosts are profiting from cleaning fees and that's the perception problem. Airbnb should either fold cleaning into nightly rate OR require hosts to show receipts/breakdown."
,,"The chore list is the worst part. Why am I cleaning AND paying for cleaning? Pick one. Either include cleaning in the price and let me leave or charge me and don't make me do chores."
,,"I've stopped using Airbnb for stays under 5 nights because the cleaning fee per night gets ridiculous. €80 cleaning fee divided across 2 nights = €40/night on top of the rate. For a 7 night stay that's €11/night. So Airbnb only makes sense if you're staying a week or more."
,,"This is why hotels are coming back. Inflation everywhere PLUS Airbnb's fee creep means a comparable hotel suite is usually within 15% of the Airbnb total for short stays - sometimes cheaper. And with no surprise fees, no cleaning chores, daily housekeeping. The math has shifted."
,,"Pro tip: when you find a place you like, ALWAYS check the price for a longer stay vs your actual stay. The cleaning fee disappears proportionally with longer stays. Sometimes a 5-night booking is barely more than a 3-night booking because the cleaning fee is the same amount distributed over more nights."
,,"Friend just got back from Mexico. Airbnb total was $1,400 for the week. Hotel down the street was $1,100. He went with the Airbnb because of kitchen and laundry but he said with the chore list and cleaning fee he wasn't sure it was worth it. Used to be a no-brainer. Now it's debatable."
First time hosting - what do I wish I'd known before publishing?,"Hi everyone. Just published my first listing - small 2BR apartment in Athens that I inherited from my grandmother. Have my first booking next week and I'm anxious. What are the things you wish someone had told you when you started? The onboarding flow gave me a lot of options but not a lot of actual guidance.",
,,"Pricing: don't trust Smart Pricing in your first 90 days. It'll lowball you to try to get bookings. Set your own price based on comparable listings in your area. Sort by Superhost in your neighbourhood and check what they charge for similar size/quality."
,,"Photos matter more than anything else. If your photos are phone shots taken in bad lighting, pay for a professional photographer. €200 for a photoshoot will pay itself back in 2-3 bookings from the increased click-through rate. This is the single most impactful thing you can do."
,,"Set up your house rules clearly and put them in the listing description, not just the rules section. Guests don't read rules until something goes wrong. Put the important stuff in the description: 'quiet hours after 11pm, no parties, max 4 guests' should be in your description text."
,,"Response time is everything in your first 90 days. Airbnb's algorithm rewards hosts who respond within an hour. If you're sleeping or working, set up template auto-responses. Once you're a Superhost the algorithm cuts you slack."
,,"Cancellation policy: don't pick Strict immediately. Start with Moderate. Strict scares away first-time guests who'd otherwise book you. After you have 20+ bookings and reviews you can switch to Strict and it won't hurt as much."
,,"Cleaning fee should be exactly what your cleaning costs are, not a profit centre. Guests look at total cost and high cleaning fees turn them off. €40-50 for a 2BR is reasonable in most European cities. Don't go above what your actual cost is."
,,"Be ready for your first 4-star review. It will happen and it will hurt. Guests think 4 stars is good. Don't take it personally. The platform's rating compression is a structural problem - it's not about you. Just keep doing good work and the 5-star reviews will outweigh."
,,"Read your reviews CAREFULLY in your first 6 months. Even the 5-star reviews. Guests will mention small things they noticed - missing coffee filter, unclear parking instructions, neighbour noise - that you can fix. The feedback is gold. After 6 months you'll have a polished listing."
,,"AirCover is not as protective as the marketing suggests. Document the state of your property before each guest with timestamped photos. Get receipts for everything you buy for the listing. If you need to make a damage claim you'll need this evidence and they apply depreciation to everything."
Long-time host considering moving to Vrbo - am I crazy?,"7 years on Airbnb. Superhost most of those years. Had a damage incident last year - guest had a party with 30+ people - and the AirCover process was an adversarial 6-week experience that paid me about 40% of documented damages. That broke something for me. Looking at Vrbo for my whole-property cabin and thinking about delisting from Airbnb. Has anyone done this? Are bookings really 50-60% of Airbnb? Is the platform actually less host-hostile?",
,,"Did it 18 months ago. Bookings are about 60% of what I had on Airbnb, you're right about that. But the guests are MEASURABLY different - more families, longer stays, more vacation-oriented. Fewer issues per booking. Net income roughly the same because my cleaning/turnover costs went down. Way less stress."
,,"The Vrbo product is worse - clunkier app, no Smart Pricing equivalent, fewer host tools. BUT the support team is actually responsive. Average reply time about a day. Compare that to Airbnb's current chatbot maze."
,,"List on both for 6 months. Don't delist from Airbnb until you see what your real Vrbo volume is. The platforms reward exclusivity in some ways but you can run multi-listing with calendar sync. After 6 months you'll have actual data to decide."
,,"I'm an Airbnb defender most of the time but the AirCover experience for hosts has become a major reason people are leaving. They market it like insurance and run it like a small claims dispute. The promise doesn't match the delivery and that's the broken trust right there."
,,"Whole-property vacation cabins are the exact use case Vrbo is built for. Airbnb is increasingly optimised for urban short-term inventory. Your cabin will probably do better on Vrbo over the long term anyway."
,,"60 year old host here - I left Airbnb 14 months ago. My guests are now the people I actually want hosting - families, retirees, fishermen who came up to use the lake. The party crowd is gone because Vrbo skews older. I sleep better. Worth the income drop for me."
,,"The platform brand is still bigger on Airbnb. New guests find you through Airbnb's brand recognition. For experienced travellers who know what they want, Vrbo is fine. For first-time vacationers, Airbnb still wins on awareness. Depends on your target market."
,,"Vrbo's fees aren't actually that different. The big difference is that Vrbo's host community is more stable, less drama, and the platform listens to host feedback (slightly) more than Airbnb does these days. Airbnb has gotten more focused on guest acquisition at the expense of host retention."
,,"I'm where you were 2 years ago. AirCover claim experience changed how I felt about Airbnb. Haven't pulled the trigger on Vrbo yet but reading this thread I might. Following for updates."
