post_id,subreddit,post_title,post_text,comment_id,comment_text
P001,r/Revolut,"Account frozen for 12 days. No real explanation. What are my options?","Long-time Revolut user (5+ years). Last week I received a 4500 EUR payment from a client (I'm a freelance designer, this is a normal business payment). Suddenly my entire account got frozen. I uploaded the invoice, the contract, screenshots of my emails with the client. Every reply takes 48-72 hours. The chat support just keeps asking for more documents. I have my rent due in 3 days and I literally cannot access my own money. Has anyone been through this and gotten resolution? Is there ANY way to escalate beyond the chat? Ombudsman? Twitter? I'm losing my mind.",,
P001,r/Revolut,,,C001,"Same thing happened to me last year, took 18 days. The trick is to post on Twitter and tag @RevolutApp publicly. Suddenly someone responds within hours. It's awful that this is the only way that works but it does work."
P001,r/Revolut,,,C002,"File a complaint with the FOS (Financial Ombudsman Service) if you're UK-based. Revolut hates that. The threat alone often gets things moving. Lithuanian users can file with the Bank of Lithuania."
P001,r/Revolut,,,C003,"This is exactly why I moved my main account back to a traditional bank. I keep Revolut for travel only now. The exchange rates are unbeatable but they're not a real bank when you need them to be. Sorry mate, hope it gets resolved."
P001,r/Revolut,,,C004,"I work in fintech (not Revolut). What you're describing is automated AML compliance. The system flags large incoming payments and a human has to clear it. The problem isn't the flag itself, it's that they're catastrophically understaffed in compliance. There's no fix coming because the regulatory cost of getting it wrong is much higher than the customer cost of slow resolution. Sorry."
P001,r/Revolut,,,C005,"3 days for rent? Borrow from a friend or family member if you can. Don't wait on Revolut. I waited and missed two bills, took a credit hit. Lesson learned."
P001,r/Revolut,,,C006,"Update us when this resolves. I'm collecting these stories because I'm building a dashboard tracking Revolut compliance hold times. Average from my data so far is 14 days. Worst was 47 days."
P001,r/Revolut,,,C007,"Twitter trick worked for me. DM @RevolutApp with your case number and they respond in like 2 hours. The chat is a black hole."
P001,r/Revolut,,,C008,"Honestly I've never had a single problem with Revolut in 4 years. Maybe you got unlucky. The doomers in this sub make it sound worse than it is."
P001,r/Revolut,,,C009,"^^ found the lucky one. The doomers are people who actually had their lives disrupted. Your good experience doesn't invalidate ours."
P001,r/Revolut,,,C010,"OP edit your post when this resolves please. These threads are useful for the rest of us watching."
P002,r/eupersonalfinance,"Revolut vs Wise vs N26 — which one as primary account in 2025?","Moving to Spain from Germany next month. I need a new banking setup that works across the EU. Considering Revolut, Wise, or N26 as my primary account (where my salary lands and I pay bills from). Can people share their actual day-to-day experiences? Not theoretical features lists — real life. What works, what breaks, what's annoying. Thanks!",,
P002,r/eupersonalfinance,,,C011,"Don't use any of them as your ONLY account. Pick one for daily use, but always have a backup with a real bank. All three of these have had high-profile freezing incidents and bad customer service stories. I learned this the hard way."
P002,r/eupersonalfinance,,,C012,"N26 user for 4 years here. Pros: cleanest interface, good for daily spending, reliable in Germany and Austria. Cons: limited multi-currency, customer support is via in-app chat only, account closures with little warning happen (look it up). Solid choice but not exciting."
P002,r/eupersonalfinance,,,C013,"Wise is the most boring of the three and that's a compliment. It does multi-currency well, the conversions are cheap and transparent, and they basically never freeze accounts. Downside: it's a glorified money transfer app, not a real banking experience. No proper budgeting tools, no real card features. Use it if your needs are simple."
P002,r/eupersonalfinance,,,C014,"Revolut: best app, most features, biggest community. But also the most likely to freeze your account at the worst possible time. I love using it 99% of the time and absolutely hate it the 1% it goes wrong. If you're a regular salary person it's probably fine. If you have any irregular income or travel a lot, expect occasional drama."
P002,r/eupersonalfinance,,,C015,"Honest take: just open a Spanish bank account when you arrive. BBVA or ING have decent online banking. Use Revolut/Wise for travel and FX. The fintech-as-primary-account thing only works until it doesn't."
P002,r/eupersonalfinance,,,C016,"^this. Iberian banking has improved a lot in the last 5 years. Don't underestimate having local IBAN and a physical branch as a backup."
P002,r/eupersonalfinance,,,C017,"I had to switch from Revolut to Wise after a 3-week freeze incident. The actual transition was painless because both apps let you import contacts, set up new direct debits etc. So whatever you pick, switching later isn't that scary."
P002,r/eupersonalfinance,,,C018,"OP — what kind of work do you do? Salaried employee or freelance? Makes a big difference. Salaried = any of them. Freelance with international clients = Wise or proper bank."
P002,r/eupersonalfinance,,,C019,"Revolut Metal user here. €13.99/month and honestly worth it for me. Lounge access pays for itself if you fly more than twice a year, FX limits are generous, and the customer service is supposedly faster (haven't tested it because nothing has broken yet, knock on wood)."
P002,r/eupersonalfinance,,,C020,"Don't pay for Metal. The lounge access uses LoungeKey which is hit-or-miss in actual airports. The FX limits matter only if you're doing huge conversions. For 99% of people the free tier is fine."
P003,r/digitalnomad,"Best account for receiving USD payments as a freelancer? Revolut or alternatives?","I'm a digital nomad, mostly bouncing between SE Asia and Europe. Currently invoice US clients in USD and they pay via wire to my Revolut. I'm losing 1-2% on receiving fees + conversion. Is there a better setup? I've heard about Mercury, Wise, even just opening a US LLC + bank. Curious what others do.",,
P003,r/digitalnomad,,,C021,"Wise Business account is the answer. You get USD/EUR/GBP virtual account numbers — clients can ACH or wire to a US account number that's actually in your name. Zero receiving fees. Convert when you want at near-mid rates. I've been using it 3 years with zero issues."
P003,r/digitalnomad,,,C022,"Mercury is great if you have a US LLC. If you don't, you can't get Mercury. Setting up an LLC just for banking is expensive (Delaware fees + registered agent + tax filings). Probably not worth it unless your revenue is high."
P003,r/digitalnomad,,,C023,"Revolut works fine for receiving USD but yeah you lose on the conversion. The fix is to have a USD account in Revolut and just hold USD until you actually need to spend it. Then convert in chunks when the rate is favorable."
P003,r/digitalnomad,,,C024,"^this. Revolut multi-currency is underrated. Just don't auto-convert on receipt."
P003,r/digitalnomad,,,C025,"Honest answer: stop using Revolut for business. They're not built for it and they will eventually freeze you when a client sends a bigger-than-usual amount. Use Wise Business or a proper LLC + Mercury. Don't be the protagonist of next week's r/Revolut horror story."
P003,r/digitalnomad,,,C026,"This. So much this. The savings on Wise + a stable account that doesn't randomly freeze are easily worth the slight UX downgrade vs Revolut."
P003,r/digitalnomad,,,C027,"Counterpoint: I've used Revolut Business for 4 years receiving USD payments and it's been fine. Maybe I'm just lucky. But the doomerism on this sub is overstated IMO."
P003,r/digitalnomad,,,C028,"Anecdotes vs anecdotes. The actual data point is: Revolut freezes are common enough that there's a whole subreddit of horror stories. Wise freezes are rare enough that there isn't. Make your own choice but go in eyes open."
P003,r/digitalnomad,,,C029,"OP if you're comfortable with the LLC overhead, Mercury is genuinely a step change. ACH is free, wires are free for incoming, the dashboard is built for businesses. But yeah, the setup cost is real."
P003,r/digitalnomad,,,C030,"Wise + a backup stash in a regular EU savings account is the boring answer that works for most nomads. Fancy setups (LLCs, etc.) only pay off above a certain income threshold."
