reviewId,content,score,app
3fdb0dc6-6a43-4877-9405-07a9b7f94ca8,Expensive fees,1,Revolut
f0dc3b13-ccb7-44aa-a3c8-dba208f560e6,Live it especially for my kids under 18 cards,5,Revolut
ac26ee94-50dd-4d5f-8cc5-1883ac194e80,great and easy to use.,5,Revolut
d94b883d-c5fc-4340-b3a3-76c7bcb18283,good,5,Revolut
835ee35d-ed0b-4cc1-b07f-a3adf6765d9d,"One of the main benefits of Revolut is competitive exchange rates, which are often better than traditional banks. This helps users save money when exchanging currencies or travelling abroad. In addition, Revolut allows fast and easy international money transfers, making it suitable for students, overseas workers, and people who frequently send money to other countries.",5,Revolut
66d3b2fa-752b-49f0-ac12-61012280cbf4,"Had a Barclays and Lloyd's acc, switched to Revolut. Much more sensible and straightforward",5,Revolut
2c314705-2a91-40d7-bd04-bd65981dbc3c,This app is a perfect and trustworthy saving account and keep you money safe very fast sending and faster receiver for all County and available all the time 👌💕,5,Revolut
92c7ce6b-cf5b-4426-97e3-fe5d5a06744f,good,5,Revolut
7d75d7c1-6b3d-4815-8b25-e41a06ced913,"After the last update I had a lot of crashes. First time when I have problems with this app, Samsung S23 Ultra. Please check it.",5,Revolut
47f55eee-0bda-47ba-b986-c3c35f845a81,terrible exchange rates and won't allow me to close the account even after following all the steps mentioned they give me a black screen with the text to do steps and a button to keep my account open,1,Revolut
cb126cfe-c11f-4264-ba30-5d53d3740c58,i trid to open a account but it didnt go thay askd me for share code and i put in the share code i scand my face and its not working a brand new share code but its not working do not use mady letter if thay gonna fix imthe problems but i dont thing so thay tell and tell thay gonna fix but....,1,Revolut
09fe2e89-e215-46f0-9e33-98110ad6c02d,sunteti nebuni? ma obligati sa cumpar alt telefon doar ca sa folosesc aplicatia voastra? de ce nu era ok si pe versiunea anterioara???,1,Revolut
f82bf800-2ddb-48e7-bdd8-c24f93222470,fantastic,5,Revolut
80102659-50e9-4eb3-bacf-b0e29776bdbc,Very intuitive use and safe. Like it.,5,Revolut
347dd999-0706-40bd-95fc-13d9492a64a9,quick snap:),5,Revolut
588034d8-d697-4e66-86b1-85f9e605140d,convenient and easy to use,5,Revolut
7ff8f59d-053b-41de-ac78-19cd51fea0d4,So Professional,1,Revolut
9008ccb4-0efe-4604-9b82-4a6ed13d186f,Constant emails. I deleted my account and Revolut are still asking for my details. I don't like this bank and would not advise anyone to use it!!!,1,Revolut
ec49cbfc-0ddd-4c64-88fc-35b720d5931c,v good,5,Revolut
39dabb68-4a4e-4dc2-a65e-d730da75e8be,Great !👌,5,Revolut
afaf114f-46fa-4993-8243-0258f75f54fa,revolut is a great app money especially for traveller...vey easy to use,5,Revolut
bceba1c4-c6a6-4f87-a43c-287c7fb8b503,Great app to traveller... Very helpfull! 👍,5,Revolut
aa5858b3-9b75-43fe-b961-d58f843032c9,Now I am asked to add cvv for a card that I have used this week for top up money. This is crazy. Revolut is becoming worst every day,1,Revolut
bb138540-f41d-4441-9775-e10b918a71ee,"fa troppe domande, app disinstallata alla velocità della luce",2,Revolut
51017276-d0cd-433e-94a5-1b61b61209c6,"On the boycott list, maybe stop supporting the apartheid regime for once",1,Revolut
16ea6b4d-1326-491d-9779-a11277d6ace5,great app,5,Revolut
4dd77a8c-216b-40f1-ace4-abbeb2a97183,Fine! No fees - that's the key ❤️,5,Revolut
c6a8e35a-5b6f-41f6-b966-55da10f80092,amazing,5,Revolut
585d344c-d04a-4e0a-b5fa-70788aa9cb02,"Super useful app for exchanging currency. As an international student, I use it daily",5,Revolut
389618fc-fae4-4387-8289-07d571895e11,ROTTEN,1,Revolut
69afdb74-1b5e-4bcb-94be-19f2e9e449bb,👍,5,Revolut
f7178886-4086-4cbe-b779-b33214adcd37,never a bother sending or receiving money I love it it makes banking online so much easier,5,Revolut
01bebfb2-33cb-4cb3-81a9-f6b5f54b88db,Exceptional,5,Revolut
9a281291-311c-4556-87d3-9dca71e61c83,a friend of mine send me a link to get this revolut and she said it's good for travel..and everything with points to earn in can be use soon..I still not experience about the points..but everything I like it..thanks to my friend who invited me get this..thanks revolut..,5,Revolut
fefdbc4a-c43a-4c22-beb7-bfcc74443778,Ok,5,Revolut
b98916b1-6ed5-45c4-96f3-5047a8b331ca,top,5,Revolut
ea193b5a-2bd0-44ad-8c65-9fdfa1d4ef14,Works well and is great to use when on holiday,5,Revolut
8ed69d8a-d335-462a-8db9-6a8995102e29,just so easy,5,Revolut
e36fb927-c013-405b-9100-49747156a8c7,love it so easy to us,5,Revolut
0fd442f7-d7f2-40ef-9553-459140ce68ce,My go-to when I'm not sure who I can trust online. Safe in the knowledge that I can use a single use disposable card or an easily deleted virtual card without giving access to my personal bank balance. Though I'd like to have separate cash buckets for each cuz I sometimes might use this more centrally eg travelling but I don't want to put too much money in the account - I can't separate a larger bucket for travel spend from a smaller bucket for subscriptions etc. So it cant be my primary bank,5,Revolut
f2e59cc2-3e0a-4066-96d6-af5f81d46f55,the best national and international,5,Revolut
41da9be1-c318-4491-8cb1-f8cf25bf4a68,After i provided my income with no suspicious activity they closed my account.,1,Revolut
ebed3e8c-e495-4de3-90ab-f8463883d2b2,Simply The Best,5,Revolut
e365ce45-1337-4985-9ed2-9c5dc5911e00,excellent service and excellent security of your money,5,Revolut
e4b2cd21-803a-46e6-b555-0c14119709d2,"Updating way too often. I dont need new features, I want banking app that works when I open it!",2,Revolut
fcbb2396-77e2-4b9c-b19f-94765f75bed2,Best Online banking application .,5,Revolut
5ae29b01-5112-4a90-ad90-9c3840d3ef8e,great love revolut recommend it to everyone,5,Revolut
1fe3d9be-b284-42ab-90f8-04ecf32d353c,best,5,Revolut
f29f459b-f7e5-4aa2-bab9-2be167038dee,it works fine,5,Revolut
06e8ec6e-dbdb-4bfd-b3f6-db6b91fcfe11,Completely arbitrary low amount top-up limit that cant be changed by any means other than hoping their AI analysis of your spending deems you worthy of it the next month after hitting the limit,1,Revolut
3dac4da4-76fb-47b3-9ea3-6d758228f989,hasta el momento es un excelente producto,5,Revolut
945f5aa9-d8a8-4141-8359-8925c204af9f,I think Revolut is modern and easy to handle. Very efficient and loads of options.,5,Revolut
f89e9f61-b25b-4019-88a4-79218fa189eb,amazing exchange rates no fees,5,Revolut
b89acf51-8810-41d0-a777-3da837293b16,A perfect online bank!,5,Revolut
578c55db-a487-4c21-b7c1-2474b2235063,really good service provided,5,Revolut
e38fa5b0-f8a6-4a39-afdf-88e990df4cdd,Great app and never had a problem until switched to paying subscription.It should be more clear and even on free trial was showing that i will be charged if cancel before set up date. Everything sorted by great customer service and going back to 5 stars,5,Revolut
263cf182-a96c-4c7d-b30c-5ed6b96e2519,hasta ahora todo va bien. la experiencia de abrir la cuenta y navegar por la app ha sido muy rápida e intuitiva,5,Revolut
198eaf5b-c292-4a8f-b82e-f45371afebf0,It's so easy to use and at the same time very useful. I really like it!,5,Revolut
62f34356-741f-45b3-bcbe-481ea883dc1e,I like the app but would like to be able to use Ideal from the UK,4,Revolut
e10c7598-a627-4092-8c4e-ade2ed070162,very good,5,Revolut
02023708-1d06-4838-9e0d-374e4157f290,fantastic,5,Revolut
f0abb7bf-04cb-4059-a580-22466e7e2818,"the feature that allowed multiple price alerts on stock prices is gone. I set one alert and I am back on the stock page , have to again tap on alert and set another alert and do it multiple times. please bring that feature that you can set alerts as many you want and then return to the original page. thanks",4,Revolut
cfd4abc4-fbf8-474e-9533-38b90762ff7f,Overall fantastic. Great rates and app works great. good customer service too,5,Revolut
5ac889d9-9f52-45a5-8377-8f4af3a6fd64,wonderful and reliable service,5,Revolut
921f07b8-404c-4af6-9856-30350c27222e,DO NOT under any circumstances try the free trial. I didnt pay attention and now im charged 20€ to downgrade my plan.,1,Revolut
64badd49-d5ea-4000-86ee-35c72e101df0,I do like this app but what pisses me off is I cannot send my daughter a message because she has only 17 years of age can this please be changed,5,Revolut
4d997f84-22b9-42c2-bb45-f197c4d0be9b,"the employee told me that my application could not even be registered because I do not have a nationality (stateless), despite having a valid German residence permit",1,Revolut
58e4a2fd-1360-4aae-bad2-64a48798414c,amazing,5,Revolut
1958ed59-f441-461b-8f9d-501088175429,worst app ever. didnt even get past the registration stage and kept on crashing,1,Revolut
fb12be97-7312-4a3f-99be-543228e298ad,"Quick, safe and easy. But my savings account has not been receiving the interest I expected.",4,Revolut
908980ad-a6c7-45fd-a7e0-35c311381bf7,Absolutely fantastic!,5,Revolut
99fc464f-fcab-4d81-b934-09657a43eb98,don't use paid promotion,1,Revolut
f713d284-12bc-493f-bf35-7dd54b578003,Perfect product for daily basis,5,Revolut
c4d67494-5164-4295-839e-1826d4f61a22,junk,1,Revolut
5ee08320-0f5c-4d9b-ac38-b94b920e6996,"Your authentication process is genuinely atrocious and I have no other words to describe it. Switching to an adult account should be easy in theory yet it's impossible to recieve a 6 digit code to log in. Trying other methods also doesn't work as it brings you down the passport, selfie method which is a huge fail also. My account is so locked up that not even the owner of it can get into it, I'm beyond disappointed.",2,Revolut
41c82d7a-4848-4d1c-84be-c00fa8cd34b0,it works for me,5,Revolut
f1bcb1ed-7682-4047-b534-a42843da48eb,no usable in saudi,1,Revolut
8171a1c8-40a2-4cea-9e44-fcebfe2a6eb2,"Referral scheme is a scam! Even if the campaign window is still open, you don't get the referral money if your friends don't make the 3 purchases within 5 days of opening their account (which is not in the t&cs or anywhere until you check whether they finished their steps). You are also forced to order a physical card but that takes longer than 5 days to arrive so especially useless for the people who want to use a physical card to make the transactions. Complete scam.",1,Revolut
af92c11b-3bcb-45ba-ab81-569e45573a38,"Identifying via picture just doesnt work, so now seems like I'm locked out",1,Revolut
d64f1cbf-93f1-438b-9e80-520ec292984b,I enjoy linking my bank account here for gas money.,5,Revolut
36e4f778-24de-41df-b945-fb81a5174749,The best .,5,Revolut
1936d760-b2ed-40eb-a03e-61f36d71cc17,nice app,5,Revolut
43fe2cce-ad4c-4088-ba3e-7726618d6402,"Customer service is zero, Indian scanners call from the app. Although I don't blame Revolut for being scammed by Indians I do blame Revolit for the call within the app itself and not responding for days on a claim to replace the card.",1,Revolut
283294ee-bb77-4017-a7e3-e149cdf44ef3,Good,5,Revolut
bba18d9a-754e-4ad3-aa3b-883a1acf9253,nice,4,Revolut
b163689e-52f6-4a8d-9040-8af480b191fb,going really well thank you,5,Revolut
d9fff726-7758-4cfb-ae36-3a745da31746,"easy to use , quick transactions and payments",5,Revolut
64813115-0461-45af-a6f0-50a633231240,"reliable, always kept up to date with transactions, never had any issues, very satisfied 😀",5,Revolut
6b6296f9-4dc4-4452-8194-7aae696a6576,great experience.,5,Revolut
e2ba006e-959b-4b3c-9f7b-3cf7c980b306,very efficient and easy to use,5,Revolut
e780db11-8b10-4f9a-86c8-2de06c268d57,perfect,5,Revolut
4d0504ad-a47d-475e-88b3-c39056de1bd0,dumbest app i used on web it show Pakistan option but in application it not show the option of Pakistan,1,Revolut
17ebc60b-9db5-41fe-9243-7f5ac7ec2809,"I recently tried to send some money to someone, Revolute kept it saying want to verify for 24 hours, even after 24 hours didn't send it, so I want to transfer it to my Own other bank account, Again they said need 24 hours. I Won't keep my money here. they won't care about you or needs I have to mention they verified me by facial recognition, password and fingerprint",1,Revolut
25026def-cf31-4144-ae29-544e6ed0f521,Best banking app. No contest.,5,Revolut
8e44aeab-a954-42a7-9340-4aa6e300cc21,"It's a great option for travelling. The fees are reasonable, and you can use it in a lot of countries",5,Revolut
65b56015-3502-42a0-83dc-091c6e6d7c84,"Sometimes I find it very difficult to access my account, but in general Revolut is very handy for me.",4,Revolut
d1068d8f-6691-48d3-9e21-5052c9837150,Suuuupeeeer!!!,5,Revolut
d28a0bc5-2ef6-4dad-8de3-11aff5e31ffc,its great so far. x,5,Revolut
5f9dc63d-ca62-4714-aec3-351066f1b14e,"great, totally recommend",5,Revolut
44b07eae-5344-41d4-bef1-eed23c770b67,Very good,5,Revolut
4aff97db-85e5-458a-b408-1efef69ee556,please i wish to have a chat for better explanation,4,Revolut
34dd6b9c-433c-410c-8d3b-cea2f357fb6f,TOP ! ❤️,4,Revolut
7d39a0c7-c821-4212-b42e-eb684603fe6c,nice gives gifts,5,Revolut
5ba681b2-371e-4ca7-99e3-83b28499733e,great experience so far,5,Revolut
3d935b90-1e01-432b-9486-0f0061b358b5,I like it 😍,5,Revolut
41664384-6215-4bb2-b12b-462cec932bb3,"i cant send money from the wise app , when i send money from wise to revolut , there's no confirmation from revolut to allow to send money to wise.",2,Revolut
19e89634-4a0f-4713-bb9f-848a2c3c7c32,nice app,5,Revolut
b4bb79fb-7b2a-415e-b036-c41472010c71,amazing banking app,5,Revolut
f28778a8-a3d2-43b9-a60f-5cded99ade37,very easy to use,5,Revolut
642b43a9-e0c6-4346-b624-ba6435278e1d,excellent,5,Revolut
31469386-e46c-476b-84f6-e6bcf66033d9,Clear and transparent app. It works on GrapheneOS.,5,Revolut
8b8a71dc-4313-47f7-b8f3-31a0805abfc1,Best app for me and my son. Never had any issues before.,5,Revolut
421df220-dd60-4fe6-a614-ed12b70fee39,brilliant bank brilliant app,5,Revolut
c3a5fdd4-f7ff-4f80-9a14-681a71a2aed6,very good for basic banking and a free virtual chargeable credit card,5,Revolut
9b3131e0-b691-43b4-bf9d-276c74196076,Simply good,5,Revolut
ad28d124-6d7b-42de-ab76-91079fc10382,helpfull and easy to use,5,Revolut
848e9de0-8ace-43d9-9112-ad47031bdd13,simple and easy,5,Revolut
43cf88fd-7910-41d4-9ace-ad5d983bb9a8,Really smooth onboarding process and the interface is very user-friendly. I love how easy it is to manage my spending and exchange currencies instantly. Highly recommend! Great app 👍,5,Revolut
1b912b8e-ce18-4a5d-a88f-538ead88853c,excellent,5,Revolut
930ffd0d-759c-4862-b45e-a5d924f02dd9,Easy to set up through the app and get a card which can be used online or in store. Yet to try the disposible card which apparently changes after 3 uses so cant be copied by scammers 👍🏻,5,Revolut
ce07942d-1e06-498e-bf20-0eb3a44e22db,it's a bank that works for me.,5,Revolut
eb7f0e88-c308-4ffc-b203-4b538c47e0f3,Perfect!,5,Revolut
4600d858-6afd-40d1-94f0-54b2ee15b1a4,Best service ever 👏👏👏,5,Revolut
35979512-d0cf-4d9f-84bd-dab8ca5459a9,"I’ve been using Revolut for a while and it’s been excellent. Payments are instant, the card works everywhere, and the app gives full control over spending. Customer support has also been responsive whenever I needed help.",5,Revolut
a38ea06a-087d-4cef-97b4-e7204eaea168,Nice and smooth 😅,5,Revolut
22b48b44-ee82-421e-a5f1-2a35a4d05f70,I had a bad experience with the registration process. The staff couldn't explain exactly what documents they needed from me. Incompetent,1,Revolut
15bab093-cee6-4b74-8bc2-c687d74d5e82,👍❤️,5,Revolut
fd3868c8-fee5-4971-bb2f-f67a1cf675ba,very good service,5,Revolut
71b9d0a7-b650-4400-a706-639e1b6cac0f,is very easy to use and very fast when transferring money 💰,5,Revolut
43a642fc-76c9-4794-ade6-1f97a72c9d45,good,5,Revolut
7685b692-ccaa-4096-98a4-a8dc39ec5a73,Very convenient. Works well.,5,Revolut
4b1703a2-e9c5-4bd2-aaa1-d502908554c6,that's a very good,5,Revolut
082392f2-dfa7-4fa4-9a7e-805b92ed2857,I love using it makes everything easier even when abroad,5,Revolut
f111e744-9a73-434f-93ec-7bb9247a6994,I don't know what up with the app but i keep trying to apply for a card on it the first time it wouldn't let me do the whole application and then it let me apply for it said i was done it's all good i took went to login to my account on it keep saying verify myself wants me selfie and state ID the same one i opened the account up with it it keeps saying that it doesn't recognize my ID so if you get the issue taken care of let me know cuz i really want to keep my account that i opened. Thanks KP,1,Revolut
725de79a-5921-4f38-a8aa-90d9f8723c7f,This card saved my life recently in Dublin and America. It's easy to use and widely accepted for most shops and online transactions. I love it and will recommend it to others.,5,Revolut
61c28819-6fa5-408c-9d71-4b07c0f433c3,"I absolutely love this bank! I once had an issue while traveling, and they resolved it very quickly. If it weren’t for them, I could have been in danger. Thank you, Revolut! ❤️",5,Revolut
cea0bdbf-7e0f-4a3d-876a-561355c4e98b,"Good customer service via chat assistant, Timely response and action by the team Problem solving excellent Zero fraud tolerance",5,Revolut
aeab6de3-31fb-4e76-ad11-00b89215fd61,recommended,5,Revolut
1757fb81-b8c2-4df5-bf1d-ada646bc7242,good,5,Revolut
3c3696a3-4c6a-40d8-8fa4-aee104d6b9c0,Nice,5,Revolut
5d672341-ef76-408d-9815-c254de9833a4,just okay,3,Revolut
56cd52b9-2b8c-416b-87ea-1ce1e5efb91c,Cool and easy,5,Revolut
f26fd256-6b70-4182-93dd-702bfa5392f9,very good,5,Revolut
319b92e5-2586-41e3-bcee-8af9be530b13,Great bank best around for travel lifestyle best exchange rates,5,Revolut
cc9b9967-3be5-4e87-b6c4-a26454aa9ab8,"tried to create an account but got stuck at ""my address"" part of the app. every time I tried to enter the postcode or Any postcode, it said ""no results found"" and when entering manually - just gave me the error ""somethings wrong, try again later"". tried again after 24hrs, still same issue.",1,Revolut
4a9f0284-7df5-4f6c-b990-28d93c7c3124,"Unable to log in. Just constantly in a loop of entering my details, taking a photo, then being sent an email which just restarts the whole process again.",1,Revolut
b700961e-8b9d-4eb0-a004-0be246e89ad8,"I was a big revolut fan and had started to move my bills and savings over slowly to see how it would go. They pushed an update in app that wasnt fully working and im now stuck in limbo with no access to the bulk of my money while I wait for them to update the application. which im assured will fix the issue, no date given. no other options given to resolve this and im just in dante's circle of hell of platitudes and no information. Enshittification at it's absolute finest. absolutely furious.",1,Revolut
844d1dec-bdda-4531-a56c-879c306d572a,very good,4,Revolut
15ed7c32-da70-45a8-992d-9475067d01e4,"Добрий банк. Швидко проходять платежі. Але чи на довго це... П.С. був добрий банк, вже НІ! Закрили мій рахунок без пояснень. Не було платежів від інших людей, тільки з моїх рахунків. Тим більше підозрілих платежів не було.",1,Revolut
da210839-c977-400a-81ac-d504cd5e449a,"Like it, really easy to transfer money in different currencies",5,Revolut
2cc69cda-6c4d-4505-969b-9b4a70be67df,excellent,5,Revolut
81386359-1c83-4adf-8332-90faca7810e3,"Amazing customer service. Had to downgrade from premium and didn't realise there was a £15 fee l. contacted cs, not only did they wave the fee, they refunded me £15 from not using the premium perks for 2 months. absolutely amazing app. highly reccomend. just read the ts and cs",5,Revolut
6fb70c13-2d94-491b-8a73-7e4434217bfa,works rly good c:,5,Revolut
505f7497-7790-4824-8490-0ad22d820fdf,terrible. I just wanted to quickly purchase a few alt coins. took 24 hours to buy them. another 2 days later I wanted to sell. it cost me £3. then another £1.20 to send my money back to my card which didn't arrive for 30 minutes lol.,1,Revolut
8575231f-61d4-4dbd-9ccb-b01ee391f35d,"After the last update, the app started to crash every time I open it",5,Revolut
68fe9e7b-727b-4597-a770-b6a2fd2f3e29,"works well, easy to use and quick payments",5,Revolut
ac62c95b-d4ae-4bf4-80e7-b673cc8e7b34,Top,5,Revolut
b7f45360-8fa4-4828-b33a-53d229d151ac,"Nice app, easy to use, lots of features. Very useful also when travelling. Revolut is an interesting new way of online banking.",5,Revolut
0cc389bf-d46b-4ea9-b057-513ebf80fa59,good 👍,5,Revolut
8a626e1c-1ca0-440c-a718-b8e817ceb8a7,the bast,5,Revolut
397faae3-22ae-455e-9e75-1ac6e20f3eca,I find it very useful and reliable,5,Revolut
b232e83d-7986-4eed-8ffa-ba625547ada7,great,5,Revolut
974d7866-9650-453d-a5d2-430e1c080c58,"I'm absolutely disgusted by your procedures. I don't understand why I wasn't notified that I was trying to pay from an account with insufficient funds? Why wasn't I asked to choose a different account? Instead REVOLUT just chose for me, although this account is in a different currency (so I was charged a fee). + The app is extremely 'user unfriendly', a contact to customer support is impossible to find, there are errors almost everywhere I click! Repeadly disappointed!!!",1,Revolut
15123a30-a73c-416e-be94-41c2ff7dd5fb,Secure app,5,Revolut
9f68ff5b-f7be-493c-9a21-27df1fda6541,great,5,Revolut
280a6a33-e305-43a8-a24e-bbc945af9db0,"Revolt it's the best,I love it",5,Revolut
7f601f85-ab3a-40f1-8d33-16d182a92dcb,very help full good for saveing money,5,Revolut
5aaddf4c-f1c2-4df7-801d-1de82daa569e,good tool to be used,5,Revolut
6675533f-9910-4745-9404-f1eec152c6dc,Helpful support and generally just a reliable service.,5,Revolut
5ebba7aa-79b8-47e5-b98a-a6b4a99bc8e7,easy to use,5,Revolut
3daa7922-b8fb-4fe4-a177-59dd1f4fa848,brilliant,5,Revolut
9cd2daab-3dca-4612-be64-4269ce92b1e0,so easy to use,5,Revolut
2745f699-7621-415d-b5ac-8cc768bca290,very good Application and card for transfer and shopping.Very safe and secured mode of payment.,5,Revolut
a5f5b762-a797-45c6-b3a2-e0580652b869,it's a really great app,5,Revolut
4836eb1e-591f-4c6f-b2bb-1c639d1ac2d6,very good service,5,Revolut
50bf6ee1-2105-425d-b694-25418a45df94,The best there is,5,Revolut
effcf825-c00a-4902-80ee-295d35a744b7,Great for using on holidays and savings,5,Revolut
48cc7487-d377-4006-b598-bdcd6fd1ca3f,good,5,Revolut
09e7f6dc-f48c-4910-85b9-085d923f5ee4,i love it,5,Revolut
afcde8f0-4c23-4f60-95da-9e8fe7fc9f46,"Revolut rejected a €15,020 client payment without notifying me my account was unverified — despite confirming it was operational days earlier. After 35+ business days the funds have still not been returned. I've been forced to borrow from family. This follows years of issues: missing transfers, wrong account debited, no RIB available. I have filed a complaint with the Bank of Lithuania. Avoid for professional use.",1,Revolut
bbe5a244-2f35-46df-84de-5a4c95a61651,"I recommend using it, very useful for online payments and the gambling and scam check is helpful.",4,Revolut
0540d44b-559f-45dd-8d2a-c5076d190b79,amazing app but make the chat bar can send photos for proofs,5,Revolut
6c7e99df-2c3e-446e-ac48-a98de10fb532,"Awful service (and this is for the premium account). Withholding incoming funds and refusing to release them with any other form of identification than a selfie camera (mine is malfunctioning). Slow responses, rolling you from one representative to another, unwilling to help, reparative and unaware of previous conversation. Simply outrageous. Edit: Now they charge hidden breaking fees for ending a monthly subscription at the end of the month! Really Ryanair type of experience. Stay away",1,Revolut
0d5109de-3cee-4268-a21a-081ab25eeaf9,гига яко,5,Revolut
af7bd1f6-2619-4276-833c-dc9ca4413362,"I think Revolut is the fastest, simplest, and most reliable app on the market! It never disappointed me till now, and we are taking about 8 years of use. And it's getting better and better. Thanks, gods, for this!",5,Revolut
1c10cd52-01d2-4e91-94b1-c31fd938afc1,fast,5,Revolut
9bbb4260-2c4c-4d80-a94e-ebe226b15cfc,Really Good and very fast app for Transactions.,5,Revolut
e1cb43f6-85b2-45a4-ac96-2e1ad6f20121,"I have had this app for over 2 years and it has been excellent, never a problem, until now. It wants me to upgrade but it wont let me, says it is no longer compatable with my device. As a result I csn no longer acess my banking to move money, make paymenys etc.",1,Revolut
0256b359-524c-4d5a-89eb-b4a5d0771016,good Bank,5,Revolut
7e487e01-a837-42e5-ada6-658571929615,good,4,Revolut
b1038b5d-f15e-431f-9280-e5840578eba5,been using it for years. good range of investments but the UI is soooo unintuitive I have to constantly ask an AI for instructions. and being shilled for premium is so cheap and tacky,3,Revolut
581cb560-49ed-458d-869a-0d9dcc330cd6,"was the perfect banking app, till I had to switch countries, and they could not manage to do so automatically (understandable) and the whole process if full of bugs in the UI where you cannot see exactly the issues, support feels slow. in the end I'm not even sure I'll keep using it if I manage to switch",1,Revolut
40dde9a3-6fa8-4593-a8e0-f569f198904a,very practical,5,Revolut
2714a5f0-4d3e-40f5-aa8c-672a7e4b7ed4,App is not secure enough that asks for user to secure the phone. Every time i try to open the app a block-screen appears that require to secure my phone. Update: They blocked my account because i refuse to send peronal data thrue an ansecured app.,1,Revolut
996bd2a2-3a37-4407-83a3-026745f35ba0,best in mobile banking,5,Revolut
c2bfd720-fd8e-4857-bd32-685248ab0261,overall best banking in my experience,5,Revolut
50ae317f-4fe5-4b6a-bba2-28ecdfec7aaa,"The support team was unprofessional. They reversed a money transfer from my close relative without providing any explanation. They told me they would connect me with a Revolut team member who handles transfers, but instead several AI bots sent me generic messages, and nothing was resolved.",1,Revolut
ae9bc969-4581-4c1b-a111-e39ce6e38c01,excellent app,5,Revolut
95d6399a-751d-4a15-a406-5a36728bf701,So easy to use and a lot of the extras on the app.,5,Revolut
d4826a0c-aba5-4341-8284-e02f8e223a4f,"It's good for traveling, but not for holding funds or investments. It offers an easy way to buy ETFs and crypto, but it's unsecured for holding your funds with this provider because you have no control over them. If they decide to remove something from their platform, they do it without giving you an option to withdraw the currency you're holding. I think is a lot of people who used this qpp can confirm this information.",1,Revolut
8fcb1587-b706-409f-a82d-c4aefe95cfe9,excellent,5,Revolut
cc445c57-15d8-41b5-b9b3-2ea2a897f220,good for travel because you can change your currency for other currency easily with a very good rate,4,Revolut
75c37de1-2af6-4e58-a358-ed2e1328023c,good,4,Revolut
9d8c475b-0994-4f55-8d4b-5574debc6e0f,Absolutely Beautiful!!!,5,Revolut
f8d932f4-8ac0-40d1-8648-2a11e9f79475,Very good,5,Revolut
343c4860-a612-4c6f-bcf3-5edd134672d0,absolutely LOOOOVE revolut.,5,Revolut
2d6d82a2-0406-4f73-8580-91f85716fed9,awful neobank and customer service. They refuse to open a checking account because according to them im an high risk customer which has violated their rules in the past which is not true .,1,Revolut
67df5ccf-d5fe-4a58-955e-a196a2d82f7b,"I'd like to give a full review, but the app refused to verify my phone number. Hard to give higher than 1 star when the app doesn't even function to begin with. Might change my mind if this ever gets fixes.",1,Revolut
024305eb-3863-4a1e-8278-cd62af23b706,All bug & issues fixed,1,Revolut
08d46323-3fea-451b-9e0b-3105b2c16ddd,really great 👍,5,Revolut
1701cdee-1a9e-448f-b626-24e44a1b8618,super service,5,Revolut
f139aa6d-5e6d-4ee3-a197-16fbd7c78df4,most convenient banking services ever,5,Revolut
6e798093-461e-45b3-a7e7-d453fe6df949,As vulnerable victim of fraud. Been treated like a criminal and fraudster not a victim Total disregard for FCA procedures don't give a single care greedy and made wrong harmful cifas markings refused to take evedence into account and refused to help at the lowest part of the fraud. refused to recover fraudulently taken funds Even with crime reference number. Not disabled freindly refuse to give a postal address for complaints give conflicting unclear information via electronic means,1,Revolut
95975922-574d-495c-978f-af7c64898cff,👌,5,Revolut
35804d6d-d320-4088-bc1a-e1983a5a3dd0,Works well for sending and receiving money abroad.,5,Revolut
eb68a23c-b98a-4629-b4db-9654ce224b2e,If I have a login issue all done no way to open No.1 frustration inducer ...,1,Revolut
b8c260d7-393f-41de-9a08-ad2e3629052f,Revolut is good card,5,Revolut
2c6090f4-7275-4bd7-9c73-f6d6576868be,The vest banking experience ever!,5,Revolut
a0861c00-6fc4-46e6-bc83-9e98e66b2afa,Very save,5,Revolut
c92bad3b-282c-47d5-a989-0d0d06f8a8a2,I just got my card thank you 😀,5,Revolut
47186e19-8514-4135-a3a7-ad53ec1396bc,its awesome👌,5,Revolut
0d88a55f-cbdc-4ca5-96ee-577a9ec0ef75,I can't use this app,1,Revolut
37ea9fda-beff-4ed5-87d3-6e5aae19bd8a,all good,5,Revolut
d311921d-260a-475e-844e-179cd15eb411,"great bank, great ease of use from the app.",5,Revolut
789cc2ed-7d62-4131-b8a7-035e8aef38c3,Best,5,Revolut
0480262e-0a1f-444d-8726-fe4f16da64f2,excellent,5,Revolut
ca8a9a1e-22f0-46d1-b158-48689e2f05ee,great app,5,Revolut
cbbb2e64-f266-4e91-abc6-1891bebd8f9d,"If I could give zero stars, I would. This app is needlessly complicated in so many ways, disappears your money and doesn't explain why and you need the chatbot to get anywhere. I recommend staying away from revolut.",1,Revolut
ce91d96f-ddc0-491c-bf6c-1ab40dc47960,good,4,Revolut
6a3fcaea-23f8-449a-9352-196a6e2b82e5,Excellent,5,Revolut
f23605cb-409c-4b44-a2e8-7c6163b64247,not working in Bangladesh,1,Revolut
f0c90b4c-e6ff-4057-8772-c103897eba8a,it's everything I need,5,Revolut
361cd2ec-2b26-4c02-ada5-6a71f8546472,good,5,Revolut
ed10dd18-7c10-40cd-9b5f-419ac380dae7,excellent service,5,Revolut
00bdbda2-4462-4d40-b217-e46ee3168f20,good for travellers. very easy and handy,5,Revolut
18527b77-dcc6-44d4-a324-851510625f0a,"I’m extremely dissatisfied with my experience using Revolut. What should be a simple financial app is instead unnecessarily complex and, at times, borderline obstructive. First, the interface design is overly complicated. Core functions like managing subscriptions, viewing fees, or downgrading plans are buried behind multiple layers, making routine account management frustrating and time-consuming. Second, the fee structure lacks transparency. Small, cumulative transaction costs are not clear",1,Revolut
93cec775-3bdc-4f5e-a862-c17921cf69c5,very good and transparent,5,Revolut
cba4ec49-f8bd-4721-a5f9-1e2df0a51da1,"I like it, it is fast and simple.",5,Revolut
c1f94492-10ed-40ed-a6c7-a10699a44e54,Excellent and easy to work with!,5,Revolut
9383bcda-dcda-4818-94f0-6e6b7376cc8d,Best app for your safety money 💙,5,Revolut
69a53921-89af-4713-ad0a-ac9ffdd1dd68,"I am a beginner with revolut and I am really impressed with how it works, especially for online purchases and expenses while being abroad.",5,Revolut
75d9bb58-206f-4b62-8081-a13ebda7bdd5,Great app,5,Revolut
0f8e9c1f-988f-46fe-b44d-9a7a55735203,Always good,5,Revolut
6dfd9aee-78d5-4136-bd3c-da9f3e46cdbb,great way for me to pay for stuff when i forget my wallet,5,Revolut
1cae62c7-415e-4d04-a423-10914831497d,excellent work,5,Revolut
b49b8e80-9ee9-4c27-970a-9f6190634705,top banca per pagare f24 e pagoPa,4,Revolut
3a324d7f-e228-4eb1-9172-9561a5143d8e,better interest rates than elsewhere with easy switching from cash,5,Revolut
590c253e-7e47-4bf1-9b62-a14bbb0cd780,awesome secure and user-friendly,5,Revolut
6b24d246-a363-4e3f-ab08-75b4bd8596be,Nice,5,Revolut
45ebf18a-fba8-4301-94ce-0a21e614d5d3,very good,5,Revolut
6e1ecfff-c153-4e38-bf70-93f490fa8374,i like it,5,Revolut
007f1399-63d3-4fed-a920-e36736633680,excellent 👌,5,Revolut
9e36d6ad-ec8f-4213-bc93-4497c8e67ecf,"Every bank should take notes, great app!!",5,Revolut
37cbef1a-c2f9-4252-b538-1cb2a5e424fa,absolutely love it,5,Revolut
b7323a43-3b68-4bac-b447-9316b869f5f8,terrible app do not use it,1,Revolut
3a43cc71-d84d-436f-ae50-602983f73a59,Amazing app for payments. Everything at ease. Disputes handled quickly and within specific time. I like this app.,5,Revolut
38e3f323-4b4f-4328-87f1-db3d534d901a,The best online banking app,5,Revolut
ceb169d9-c1c6-402f-b568-fad6da0cce64,"just a great app, well designed, reliable, great service too",5,Revolut
1c92b4b4-57eb-4046-aed9-8c688dffa255,fast,5,Revolut
fdf8362a-575b-4568-955c-e6978a3a6687,thank,5,Revolut
37cbb803-0edc-4df9-9b79-388193db7d40,"I like everything about this app and this account. From regular banking to investing, it the perfect place to do it all. And, you don't have to be an expert in finance to appreciate it. Even a small investor like myself can take advantage it's usefulness and ability.",4,Revolut
c84183fb-4234-4612-9f37-ed25c55e2e0f,"okay I'm all for security but this is RIDICULOUS, I just spent half an hour trying to get back into MY account because I have extremely shaky hands, like my bad that I can't stay still enough for you, then my selfie gets rejected 5 times, then I get a ""we're reviewing your submission"" to be then told they couldn't verify it was MY face then I try again and log in straight away! My actual bank doesn't do this much and at least they try to be accessible for people",3,Revolut
5966a979-c6bc-45a3-b338-9f12b2bb3362,enjoying my experience so far,5,Revolut
af4d26cb-7bb6-4309-a20c-73a277d1fdc1,Safe fast easy,5,Revolut
ec77e94c-bbf1-47b4-a314-c4f15c795b9e,"Hands down, best online banking app so far at this moment. We need more currency support!",5,Revolut
bbb30f5f-a025-487d-907f-438ae3b14003,great fast and efficient,5,Revolut
dc2c33ea-16f7-439d-a15d-d76c7ea482c9,Great service from Revolut but honestly the UI of the app is convoluted and non-intutive,5,Revolut
56c8e211-5363-4181-ab63-2e95e3df7b76,Very nice banking with loads of possibilities that I still haven't tried out all of. Great with cashback and crypto trading,5,Revolut
d402902d-0545-45ef-b4c3-00ff0ec082f3,"Basically, it is impossible to open the account. I am still waiting for the supposed opening link.",1,Revolut
a18f93e9-a0ba-48f3-8fe7-7eab5e248697,*Terrible rates for international transfers.* I started an account because of good exchange rates and service charges. After the first transfer the service charge and exchange rates are showing very bad comparing to other banks and services. Stopped using this at all.,1,Revolut
5be3ec7e-1d57-4ad7-92b0-cbf101eb07e0,Top!,5,Revolut
04ad210c-c960-4041-883a-ab48ae8628fd,"it wont recognize my document even though its the exact same one and is perfectly placed in frame with no glare or blur, fix this problem",1,Revolut
01014afa-2557-4a63-8479-309b96857dd9,Great app!!,5,Revolut
26fd8af3-272e-4921-bf74-937259982d7b,App stopped working on my Samsung S7. App no longer supported on S7. unacceptable.,1,Revolut
a24cdfd7-f6b4-47e4-893c-c3425e84cf5b,it's perfect if you want a online bank,5,Revolut
29cdd75f-3cfa-49d6-b421-08438f941511,better than any other bank,5,Revolut
c8343f5a-b12f-4640-991a-a94aeaf11688,Great,5,Revolut
2fbe7cae-1128-4cda-9c85-179e49d62e7b,افضل حساب بنكي عندي. انصح به دائما,5,Revolut
4d6196ae-7962-4385-8c29-87e2bab5f85a,Really good easy to use best banking app 5 stars,5,Revolut
255f7c87-7b82-4318-ad38-b9a61270d189,very pleased with the app,5,Revolut
6855d472-bf92-4d21-b7fd-f8d11bccf39c,very useful !,5,Revolut
9700c0ba-c26b-4bd8-843b-94d925364e20,"Unusable as of the most recent update. ""Enter your passcode"" screen with no keypad. Fingerprint authentication never proceeds. I literally can't do my banking right now.",1,Revolut
eb587b8e-8747-4bb6-a049-8acf99101dfa,can't open the app.....,1,Revolut
c561d143-7131-4c30-a7ce-5d008dd994a0,makes finance easy,5,Revolut
305802b0-8a67-49a4-bae3-82e80f064114,why is not working my bank account,5,Revolut
8dd4030b-bf7c-4beb-89fd-5e902df9afd7,Easy to set up easy to use,5,Revolut
6ac30607-5795-4f97-9960-d98cbcadc40b,Love It,5,Revolut
6a74613b-fbd6-47e6-9dc8-d5d4cc12b8b6,I love the level of convenience Revolut offer with their services.,5,Revolut
7ce3f15c-883c-4e84-8ec8-e5516a7fa849,"Efficient, easy, and friendly banking and investment app.",5,Revolut
bea9568f-5b2b-4e40-818c-4a14edbf4515,one of the best apps ever. simple interface and user-friendly app. keep it ip Revolut.,5,Revolut
cec6240a-cb33-4de9-a458-ec877c2b3c55,keep uploading document & photo but not registering,1,Revolut
2beb76dd-efef-443a-aac6-e9704d41c287,great. I'm still missing vnd but overall I like it vnd added. easy to use,5,Revolut
00586791-a2ae-437a-87a0-0a21bb14a31d,simple to use love it,5,Revolut
06f5ad25-52cb-42cb-89f9-26029813b293,"my aunt got her identity stolen via Revolut and we are totally stuck, not getting any support from Revolut not via app nor service number...",1,Revolut
ff0d5434-6dd4-492f-bbe1-0dc719b1485b,Seamless,4,Revolut
338a5398-24b7-4380-8ec3-64ce8a9cfff3,I love this app I just wish you could load cash out of the store,5,Revolut
070a7425-7e4e-4861-9be7-d090d5552990,The way banking should be. App now crashes constantly as in everytime since April 2026 update. using pixel 10 pro so not my phone,1,Revolut
5ee54dc1-b6dd-4fa6-8c4b-b67c4961ed0f,Great App,5,Revolut
a7e4c6f5-c802-4b59-b338-20dedda4e537,I love it. The best banking app ever!,5,Revolut
f32bb29b-82fe-4f88-bb93-ef7c408fa7c9,cutting fee to transfer in my ac,2,Revolut
50ef4d26-be2c-4563-a902-2ef160836dc2,favourite banking app,5,Revolut
5f4fdd22-af57-4542-89de-6e08028797fd,Fast and easy,4,Revolut
7ad44853-6ed5-4327-b777-66a19ce17e22,very easy to use and very intuitive,5,Revolut
e1d881ce-f4fb-4aae-8029-5e81388f0368,Le quito estrellas porque su programa de referidos es engañoso.,2,Revolut
12dd72d5-32ad-49b2-8b08-9e660c451318,perfect,5,Revolut
f1ded6d6-3c31-483d-9f04-f44e348923a0,very helpful and safe,5,Revolut
93ae12b9-cfff-46bf-8fa5-110e164976b8,Bugs in app. Customer support useless - goes in rounds unable to answer anything. T&C's are changed twice a week.,1,Revolut
e07d1d43-a4e1-4a13-a9a3-5fc49c19cf3c,"Quick, clear, diverse, but incompetent beyond wildest belief. morr than 30 emails to fix an issue, that Revolut had finally; looked into; discovered issues on their side; failed to fix; left client waiting 6 weeks; and repteadly asked the same security details every time the client reached out for a solution.",2,Revolut
aa9df2ed-ae27-423a-b288-c9ab27a19b04,The application is slow and crashing on my S24 Ultra phone. I am barely able to use it. Could you please fix that? Thank you. Update: It is better now after uninstalling and logging in after a fresh install. Thank you.,5,Revolut
90fd91f5-9d41-46d2-b11d-3ac7d14ae940,so easy to use,5,Revolut
1ae989f0-cdd4-43e2-8b5f-089cc552af6f,"This is an incredibly useful app. You can have accounts in multiple currencies, the exchange rates appear to be competitive and there are plenty of useful features depending on your personal requirements. There is a fair amount of commercial pushing to get you to sign up for other services that you might not particularly need or want but generally it's not too intrusive.",4,Revolut
b882b44d-5f9e-4dcc-a9a1-2266772fbbfd,Long time without an answer for tehnical issues. Still waiting for about 1 week..,5,Revolut
cf07e2f4-701a-42d0-9660-8858548ff7d1,"If I could give 0 stars I would. Money was transferred to my account but stopped and reverted. I fixed the ID problem. The money was never returned to the sending bank. 3 months later of complaints and chats I'm told money is 'stuck in an intermediary bank' and they working to 'unstuck it' and returned. Nothing happening, constant conflicting misinformation by the 'live agents'. No phone number to call and I'm now looking into legal action. Fraudulent 'bank'. Read social media for horror stories",1,Revolut
6f5c7b86-56b8-4384-915d-8e8c928a745d,flexible usage,5,Revolut
befc9412-9074-4b1e-b5f8-d4f26bc156be,only bank in Europe easy to open account and do all transactions in through app,5,Revolut
34a27f29-0f0a-4dc0-bea8-ef0a438a0770,"Downgrading stars becuse: You as a company fail to accept the most secured operative system on android phones GrapheneOS you state it is to protect your users but in reality it is to protect your interests and partnership with google and 3rd party integrations in favour of money. e-banks have already green flagged it and there is even Android Hardware Attestation API a honnest real security check not tied to Google ""scam"" of only allowing Google certified devices whom are old unsafe.",3,Revolut
6cf9f309-c801-43c4-af08-3a3e9d339840,cancelled this card months ago can't get rid. Tried writing g ignoring fed up with this persistent bank,1,Revolut
90b36e84-f6c9-4372-8b54-95b02e065015,very efficient with no stress,5,Revolut
d7139cde-6dd5-4ffe-b597-3b888af12b33,"discovered Revolut when we did a cross Europe trip last year...seven countries, five currencies...one bank account with inter-bank day rates on exchanges so great value! since then it has become my main bank, i use it everyday!",5,Revolut
ff42e0a6-e1c7-4d0b-a2b2-df4338b6e320,great till now,5,Revolut
34c3f053-df69-46f9-8345-65aefd5a3226,I like your services,5,Revolut
81b2c451-f77c-4eb5-9716-1d06e9dcc549,"I just love it, I can freeze my cards when I want, it gives me temporary cards for that time when you don't really trust the online shop...",5,Revolut
ad39e223-9aa0-4ebb-af56-8cc6306f9d0b,never had any problems,5,Revolut
32ebeb66-4c09-4de5-8426-b956f415a7a5,👍👍👍,5,Revolut
11160b8f-351d-4d81-bc69-673951b853f7,"Really cool. Just missing common household account shared with my wife. Edit: Account added☺️ I am not able to update my daughter birthdate - provided birth certificate, support not able to help me",1,Revolut
20ad80f3-9f22-45dd-841c-cfa62d88fbcf,the photo ID system doesnt work very well and is very tempremental,2,Revolut
0d989582-ea78-471c-84a6-73e3b09b4eb9,works week 99.9% of the time and very helpful but once left my hanging on the supermarket as I couldn't transfer money from savings to main.,4,Revolut
dfb1a075-7c54-45d7-adf2-87ae9d90e311,"If you like wasting time with ""support"" agents who only copy paste generic instructions then this app is for you. For example I said: ""Why do you insist I enter tax details for Croatia to withdraw my money, I don't have tax details for Croatia I don't live there"" they respond with ""Here is how you enter your Croatian Tax details."" This sort of interaction is what you should expect if you sign up. I think their response to this negative review perfectly summarises how terrible they are.",1,Revolut
f8babb67-ffb3-4011-9221-95508876302c,one of the best ❤️,5,Revolut
b9e6bc1b-52a3-434c-8465-7460dd9c7bb5,good app,5,Revolut
f7ec2a4f-b662-4834-aaff-af4b00390e4c,perfect like always never have a problem just keeps getting better,5,Revolut
0c9f6bd4-9186-4ddd-9340-1acbfa3e7219,respect n great,5,Revolut
a317260e-bd85-4af2-8f14-64e42acc1b5d,I just wish I could share an account with my girlfriend in another country,4,Revolut
719593ee-5afd-440f-8aad-95f5cf27f6a0,excellent at everything,5,Revolut
6a7e91fe-023a-41d8-94f8-46be9d3e49d3,"still good after all these years, but why did they make the password thingy so difficult? used to be easy to use, now entering the password is a pain",3,Revolut
2c6a21b2-19c0-4099-8f54-75395ca0d9ae,easy and cheap to use,5,Revolut
94185204-8626-48d7-8069-a03345cc50e9,ok,5,Revolut
d3cd0849-eccc-4b36-9262-1677153ff8ea,upset about the scam I had on the16April.,3,Revolut
bd0454f5-3767-40a1-b808-f363c1f9178f,Love this Card. It's flexible to add money from another acct and just easy to work with. Plus it works everywhere it seems!,5,Revolut
ae8d9e15-6186-4101-a510-35e37b1ae8cf,this is great!,5,Revolut
99d478e9-cef1-42ce-bb3c-d0ad33c1a5d8,dope app,5,Revolut
ae9d8077-e538-4e07-8eb4-a91424f728cb,best app I have used,5,Revolut
b5fc385c-0f50-429c-ae08-975b1fc27b31,best banking app i have ever seen i lost my phone and it was so easy to reset everything i would really recommend it,5,Revolut
d75a3b51-dc76-4bf7-b333-3abe56c2a815,great bank. needed 1 made it nows its being used so fast and simple to set up great stuff,5,Revolut
71c7d741-2de5-47dd-b9c6-2f17b43f2559,"Why am I get an emails from a bank account that I Ve never had? And I Ve tried emailing the the company's back nothing, so why am I getting emails? Really? Your customer support is useless. I've tried for days now and then.They've done nothing",1,Revolut
9e7d80d3-7bfc-4566-8ae8-a77ec003059e,"why would you have an option for accommodation if it's useless! try to book a room , yeah right, you wish! useless, have to book directly from booking because this thing is a waste of time and my nerves! and you want me to pay for premium! not in a million years",1,Revolut
0ca3d7e7-6e64-4e73-851f-82bad33c6743,very good,5,Revolut
be0dbffa-7521-448d-b699-3dbfa7e098a5,it's very fast....,5,Revolut
e8c4e5f2-26cc-436d-b220-ee32e34d8748,good,5,Revolut
527f2220-b5fb-4387-adbd-12b2a53ad078,nice .. two many options,5,Revolut
fe120522-3202-4b95-bf10-6873c7ee56d8,"I give this review as an ultra member, which means I have paid upwards of 600€ per year. It has been a week since the ETF that I trade regularly has been stuck on the same price even though the market is open. Even though they promised trading pro as part of Ultra, the analysis on that ETF has not been available for one week despite numerous complaints. This means losses, given how fast the market moves. edit: they ask me to email in response here, I have already opened a ticket for weeks 🥹",1,Revolut
8b506238-8e09-4865-83b4-604ded879e0a,i like becuese you are zerious and aclimating your Every customer,5,Revolut
6210e7da-f3b0-4748-9da4-642cb46ab28c,the best financial app,5,Revolut
868ef990-6b51-495f-bd1f-92ba2d2fb10e,Easy to make payments and great for different currencies,5,Revolut
5ebaae11-680b-45b0-a840-5f25b7b830eb,well done,5,Revolut
8988351c-a19f-4676-be1b-de42b7f8e958,"Best option for anyone who's on the move! I have the basic card for now (just wanted to test it out), but I'll be ordering premium or metal soon 😁",5,Revolut
2d8d3e5b-348a-4d05-839b-4b6f8a714b61,I like revolut it's very amazing,5,Revolut
3d854cfa-1de6-4ae5-9b5c-a2346a413135,excellent,5,Revolut
48e3c21d-92fc-4967-b776-8bc769fdd14e,All user interface is more advanced and higher interest rate attracts me but it needs to create the reputation and trust for account holders that may take time.,4,Revolut
99e506bc-a683-40bf-bbcd-157ed98a51fa,brilliant thanks,5,Revolut
22563d07-a1b3-440f-b309-cfef914ad465,Great app,5,Revolut
a1657ce6-d274-4a67-88a3-17e40367412e,"This app borders on beig a scam. Last year Revolut just banned my device with no warning. I had to borrow a friend's ipad just so I could log in and get my money back. The ""close account"" feature does not work -- there is only one ""keep account open"" button. How is this even legal???",1,Revolut
35321fac-7b2a-4f4a-8b62-b083f9241613,"How do I close a fraudulent account? Someone is using my email for a revolut account without my permission. i asked for help and your help dept. wants all my ID details (I don't think so). please be aware that the person using this email is probably doing so fraudulently. Also do not ask me to disclose personal details to you. i am not stupid. It's your job to make sure ppl are not using your app fraudulently, not mine!",1,Revolut
339af1e5-a718-496a-aa70-cb16a980e53a,like it,5,Revolut
2e476279-6832-4bc4-b9f8-8bdff2a47343,it's clean and works great!,5,Revolut
01820a82-4db9-485f-8457-d2ce1e8b02cb,it's going good,5,Revolut
0dfeda26-5861-4f2c-97bf-83c0ed1f7388,great for business and for personal use.,5,Revolut
30595e43-a03d-4459-a256-688b94716950,Way better options than any bank in my country.,5,Revolut
c7c54b6b-7f51-4e05-bc53-8e3149960d59,loving it,5,Revolut
35bc412e-3c65-4ab1-b81e-b5b7f5531886,Exceptional. Will beat traditional banks at this rate,5,Revolut
c295a99f-5170-4605-951b-f1e9d771e5f1,love it!,5,Revolut
e46fcf75-4985-4640-bd81-af12ce5a8db1,"Me encanta Revolut como banco. Lo usaba cuando vivía en Francia y ahora que llego a México me uni enseguida. Estan completando su oferta progresivamente, pero incluso ahora estoy muy satisfecho. Lo recomiendo!",5,Revolut
90b4b37a-e702-498d-bbed-343fcfecc033,Working really great!,5,Revolut
5fcec820-ffea-405a-87b6-7de90eec8cd7,great home and abroad,5,Revolut
52ac257b-8728-411b-aaaf-8974b1905ee0,great fast app. reliable and convenient.,5,Revolut
60949076-8dcf-45aa-8119-6e04520f27d2,easy done,4,Revolut
410aaa4d-2039-4fb6-b008-fefd5fc45c23,Very nice service.,5,Revolut
68fec17a-5e53-460e-beb3-07c71b294a1c,I would tell everyone not to use this bank they are a joke they took my bank acount off me for haveing money sent to me for my family they are a joke go else where,1,Revolut
a70eed7b-6c05-4183-b01f-9ddde5c59917,Just great 👍,5,Revolut
db19e3d9-f751-4b81-8476-b75e0bfd4e23,Easy to get started and use,5,Revolut
37955aff-2eeb-41cc-8b07-920463376269,easy to transfer money,5,Revolut
a153ac66-8193-4c93-b4a6-d969985a10ba,love,5,Revolut
ff5d7f4c-ac52-414c-982c-4ef8370a3592,Great for transferring between friends.,5,Revolut
83493b1a-e8b4-4824-8589-c541c5f3d4e0,I have the same problem as John Blundell. Revolut help-desk (pleasant) couldn't resolve it. Still in 'limbo'. Won't be using Revolut even if problem ultimately resolved.,2,Revolut
16b5e442-8a2a-4125-9a17-76f31287ee9a,All that I need is here! :),5,Revolut
8810cf94-545a-436d-8e72-21601868e068,perfekt,5,Revolut
973ffec7-3fa4-42f3-a720-061894061bee,Best online App,5,Revolut
7407a564-91b0-4158-aa5d-b9f10837a504,very good service,5,Revolut
97f649d7-eb3b-4099-a7e2-f212b1b5826b,perfect app while I'm traveling,5,Revolut
1652289e-a581-4f50-9f81-7bff9e4d8331,offers good service,5,Revolut
5f7dae33-fd68-411f-b9ed-fedbc068727c,fantastic,5,Revolut
99b5013c-b48f-4420-b501-ad5c4e2a8283,Extremely quick and genuine! Thank you!,5,Revolut
25f917c3-fa09-4cf9-8153-dd6cfe61aa66,useless trash,1,Revolut
1a80a1f4-f990-48c1-8547-b1e92311f44e,better than my own bank acc,5,Revolut
6d50a6ee-a154-4c10-b178-713328025be5,"it was really good until about a week ago, the app keeps crashing and closing down by itself when trying to navigate around it. I can't even look at my transaction. tried to contact the support service within the app but I can't even look at the reply as the app closes down as soon as I click on it. I cleared my caches as the first error message advised but it's even worse now. I got another error message saying the app has a bug and will keep crashing until fixed.. hopefully it will be fix asap",1,Revolut
a930b4da-f3b9-4b38-a7e8-87f515c7b7de,great,5,Revolut
9a5a8bf9-0b61-42e6-9121-eb112b54eca7,always great,5,Revolut
0e7ab82b-32f2-450e-8b77-cfb1d5027b30,execelent,5,Revolut
469e7258-be17-48e7-adfc-3b52047bb5dd,They declined money getting deducted automatically for the subscription I was not aware of. like their security.,5,Revolut
242baf1d-fe33-4c73-848e-2f16cb8fd2b1,really good,4,Revolut
227ad652-e1b8-48a1-aab4-ebb9a877d2e8,проверка фейса не проходит почините алгоритм,1,Revolut
f5472573-546a-4df4-b476-de54f734d187,garbage company,2,Revolut
43edd75d-4222-46a0-b62b-2d20700fa151,very happy with revolut banking.,4,Revolut
b358430d-8c07-4eca-8112-a9314f779ef2,works fine so far,4,Revolut
ad217588-ca81-4169-bc34-5f149ffdc71d,"This is one of the best banks, they are fast, liable, trusted and customer friendly. the application is very easy to use and it's secure 🔐 💯",5,Revolut
c599ff17-b78a-4d13-8576-7797ac54e314,excellent app good way to manage money,5,Revolut
fe1c6dcb-5e27-4b5e-ac17-f33cdc2a2615,"was great, now just less than other banks. Premium membership is great for 12 months, after that your just paying premium for nothing as the memberships on your perks only last 12 months regardless if you continue to pay. uber one and perplexity pro were the only 2 I used, after 12 month there cancelled, but you still pay for premium. So not bad for 12 months with all the goodies, but not worth moving to for all your banking needs, especially as they have no stores to enter.",2,Revolut
258ae658-2dea-4fc3-8429-8bd5faad67d0,Easy to use,5,Revolut
98e17da9-ec48-4f2f-94d8-df1c59e980de,all features are good 👍,4,Revolut
17d9c33d-264b-40b1-b600-7dd865e7596c,Love the easy way of saving and spending!,5,Revolut
d70e62db-73ee-4e75-a0c2-b572a9154288,"After the last update, the app keeps crashing when switching between tabs.",4,Revolut
10227eef-bb3b-4cea-a297-f4287796eaeb,Goed,5,Revolut
00014aea-013b-4fb8-93ae-c8125b523b22,super easy to use and great wh3n you are travelling,5,Revolut
48f3e7e0-ff3c-46f8-95ef-e3ea201cc4d6,amazing translation smoothness,5,Revolut
1f03b33b-cb7c-4f0c-9a3a-35f5437fce0e,easy to use,5,Revolut
73444845-5b5a-4d4c-9bf8-d3a5521b5ed1,Received chat messages can't be deleted.,3,Revolut
cb636f87-aead-4b65-aeed-ac2ec0831e6c,"If you sign up for their Premium monthly plan with a ‘free trial’, be careful — it’s not really free. I’ve just learned that if you cancel during the trial period, you can be charged more than the monthly subscription just to cancel.",1,Revolut
4f7e19c3-ef4c-492a-ada7-c4aa0a327ded,Excellent app.,5,Revolut
c088e0f6-6dc7-40d9-8cb5-1c9cc4f917df,Above and beyond!,5,Revolut
b243e4a8-2686-4c69-aa21-68f1fd401219,superb,5,Revolut
3aa216bf-fe42-4011-9f5b-443080f41ad9,good,5,Revolut
48edc0ab-a875-436e-b76a-7fc39687fa86,"it's so easy to use, best banking app - this is what all banking apps should aspire to be like.",5,Revolut
eac22754-afc6-4d92-8cea-fe33c7a858a3,good,5,Revolut
e8bacb78-8819-43f3-9c90-c2b08eb172e5,very exceptional bank recommended for everyone,5,Revolut
23e4a646-174c-450d-bf0d-b21841c6bcfa,great experience using the app,4,Revolut
8dc8d3bb-505a-4483-a263-5a1d6942b201,it's good.,5,Revolut
0d55c373-8ef3-43b0-9e6c-c3eb92a0e53d,Fast Bank. I recommend it.,5,Revolut
2bcf57f6-5b07-46fa-b343-78efd4c69c5c,"Great app. Been using if for almost half a decade. Great service, easy to use and understand",5,Revolut
21e96413-3192-44e7-8b5a-1eb495443ecf,"Bad experience, totally distaster.😡 I'm on holiday abroad right now, and I chose Revolut to use for my daily transactions. However, I don't know why I can't make any transactions — it always says there's an error or something is wrong. I can't even transfer money to my other e-wallet, to another bank account, or make payments. It has totally ruined my vacation. I shouldn't have trusted Revolut to do my online banking while on holiday abroad — it is such a disaster. 😡😡😡😡",1,Revolut
4425c542-210c-4a43-a511-e76ede277e40,every transaction is always on hold incoming.,2,Revolut
e1f5ae4a-6665-4dcc-ba29-6af33e04d5b1,Great service,5,Revolut
8c503b73-601a-45fc-b56b-d75f003717c4,"Question.. why takes so much time to get my physical card? it said that it will arrive on April 15, change the date to April 21 and still waiting for it... while I can change my subscriptions to this account, :'(",4,Revolut
074a3e70-1bbe-4a88-a3e0-607e87fd7681,i say this is one of the best abd easy as to use.,5,Revolut
eec40735-dd43-472a-883b-3dc5125ede86,wonderful,5,Revolut
ee08055c-60f0-4b39-b761-a04cdf622461,"the app is okay, but unsupported by plaid making it pretty much useless outside of its basic functionality",2,Revolut
f47c344b-b9fc-4954-92ab-51afe4589776,such a good app🩷👍👍,5,Revolut
b0b9caf1-30e6-4c3c-8779-84af1fb22e52,Always help at the ready should I have a query,5,Revolut
0bede71c-829b-49fb-9a5a-32ac890dc0e8,"Easy to use. Very convenient, I love it 💕 iam on metal, and it's great it's my main bank card. brilliant for using your points for flight's. and now I booked a stay in a hotel...",5,Revolut
ba4bbcee-8589-485f-92bb-be413b942569,"Its just perfect, all i need is in this app.",5,Revolut
9e120400-bebb-43d2-a442-9846eaff5fc6,good,5,Revolut
276e1a6e-53c7-4af0-b904-362ddca6170e,Very good,5,Revolut
3ebbc40e-f19a-45b6-91f3-d47adf22e158,best banking app,5,Revolut
da727e1c-2f4a-4cd8-ba9a-c930dd43b618,"easy to use, gives options, very clear",5,Revolut
98f972c1-e7d1-4242-99aa-22353f2c9774,superbly speedy app. works brilliant with clean layout,5,Revolut
9b7bfb09-dcbc-4134-b0cb-ba1468ba1f7b,amazing,5,Revolut
58c624eb-09af-4806-8a7e-2c7b20da3d43,simply the best 👌,5,Revolut
6d9a23d2-c7b9-4626-a24d-684c95418a80,the best app for transfer and receiving money .and specially the help.its magnificent.,5,Revolut
b900d3f0-5fc8-489b-a903-09cc480f9cb9,excellent,5,Revolut
ce65b74a-f437-4dea-b84b-ee86f3cc0099,the best.,5,Revolut
96bdc420-7ca3-446f-b761-9abe15b137e8,"There are very few apps I have ever written a review about because I really don't care. But this one is the most deserving of all. I have been trying for 4 years now to get a Revolut account , and it doesn't work. And the Customer Support also was unable to get it working. At first I thought hmm maybe my phone is not compatible , I changed phones 5 times 2 iphone and 3 Samsung and kept trying. For 5 years they have not helped. Worst app to ever exist",1,Revolut
df5df615-cfca-448e-9db7-b36e05ce739e,"Tiene fallas al solicitar la tdc, siempre marca que el buro está bloqueado aunque no lo esté y al salir ese mensaje se queda congelado la app, sin poder navegar o cerrar el mensaje. Todo funciona bien solo se generan los errores al tratar de solicitar la tarjeta.",2,Revolut
023e7dd0-e8ac-42c4-8147-c6280db6a35e,The last update continuously crashes can this please be sorted,1,Revolut
d7bcd248-3a3d-4d77-8fa8-ae0fbca94383,great,5,Revolut
a6deba6e-e066-4a4e-aa32-85bf40b649cb,Amazing,5,Revolut
a9c58144-ed21-446d-a42e-36fab03fb863,absolute farse to be honest lost.money due to fraud through them and they havent helped avoid,1,Revolut
6ea5ad47-6e7f-45b4-bda1-1324b13d7ead,Quick and easy,5,Revolut
a9dbf30d-8f67-43fb-8af1-d7eeed231d05,"So far so good, I've not had any problem with using the bank/app. Hopefully, it continues that way.",5,Revolut
8dc49ef9-e0e8-4097-a085-526cde2cdf58,i just wonder if my cards will ever come in the mail. 😬 meen like the monthly subscription either but I guess it's worth the nice teen banking features,5,Revolut
bfeee67f-6690-4c3b-a901-3a335bd148e7,great,5,Revolut
0a3ade32-470f-45c8-8596-ce060dd88138,great bank wouldnt change it,5,Revolut
5c2d5c2a-a54e-42df-8a23-7e87bd2aafdb,I'm very happy with Revolut bank and the app,5,Revolut
7f67deea-4b53-46b6-bb98-941302da58ca,Very good,5,Revolut
95b9376a-e4ae-4c4a-b3a8-7a05e7433c99,very nice,5,Revolut
55450968-b2b8-498d-93d6-134dafa274e5,fine,5,Revolut
80756941-d3a9-457e-9279-09e2e108f2c2,is good.,5,Revolut
ab30784c-f28e-43c7-9fe6-7b7a4ae7580d,"best bank I've ever used, both for personal and professional purposes",5,Revolut
c4fd39b6-6f31-4da9-bb0e-6f2a48e1ba45,"even premium support is unbearable..it takes ages to respond..i canceled my subscription,can't deal with this no more..ps:you will remain with this review forever,i tryied to talk nicely.i am moving my money from this so called bank.",1,Revolut
b90d8732-70ac-4d62-b13a-088126cafc41,few minor issues getting set up but all ok now,5,Revolut
c37ce897-ffb1-4dc6-9a6d-d0dc3e250f50,great,5,Revolut
d9ec26a4-9c6e-438e-a300-3d6925f0f0bd,I actually really can't complain about this app. It is the best!,5,Revolut
9d060271-2593-4255-b4a6-95af6ac3e209,works great for me,4,Revolut
beb4243a-f4df-4320-b612-7a78467e87ef,good,5,Revolut
72cab91d-0975-4977-85f7-da0cfb4a4af3,Werry good 👍,4,Revolut
5186be3c-9d73-483f-b60f-d1a296dea3e1,good,4,Revolut
d8a234a8-ed4a-4ab8-9027-0a9882d6f3c3,"very good experience, grat app!",5,Revolut
9c284e54-14e4-4b79-91bb-37344b6b7780,it's really easy to use the app,5,Revolut
7397b500-a021-4ea8-b937-da05cff57f7e,quick transfer to accounts...just need phone number...amazing...see big boys following suit,5,Revolut
a5ac7420-69e5-4a11-9ae5-b1d06db7e9c5,great experience,5,Revolut
c42be8dc-c0fb-42b4-969d-7124909b6967,"great , since i waa temporary upgrade to the premium",5,Revolut
4cb5bf0d-786e-4635-b821-93702d0a83f5,Easy and clear. Just Great!!!,5,Revolut
543890ad-c95b-48d0-8472-50259f1ca16b,good service,5,Revolut
9e20e897-112f-4d4e-b22c-1c648a707839,excellent,5,Revolut
69af09db-88d9-4a7e-8190-a294c8b14db9,"I use revolut only once in a while. And every time I go to the app, there is a surprise Now it is telling me that my phone is modified illegally and I can't open the app. I am using Googles own phone. No modified software. It is asking me to roll back my Android version.",2,Revolut
fd53ed58-83cd-4ba0-9e11-256b78a191a9,"Great application, great products",5,Revolut
2f5c1b0b-26df-4eaa-a24a-ec31790ea15d,"some features work great, some other are overpriced or falsely advertised",4,Revolut
6ad42b99-9ffb-43d4-88af-dcb5282e6583,"Overal the app is great. Support worked well until the time came for investment declaration. I can't fathom why bank based in Lithuania can't generate documents in Lithuanian. Then there is issue with .csv (900+ lines) export not recognizable by tax authorities. Not a huge problem if Revolut didn't report a 2800 € profit on a 600 € investment account. As of now the issue wasn't resolved, the ticket was created but long overdue (cmon guys, I can fix it myself if I knew which format VMI requires)",1,Revolut
bed13134-fd48-4d8e-9ed1-ae152bc0416d,"ye, works",5,Revolut
75e5061d-9306-43b2-9946-f498b247e28d,"absulte non sense, I opened a chargeback they closed it immediately without looking at it, this now became a bank , so it's working for the big bosses not the consumers. be aware.",1,Revolut
bacb408d-d1e5-42dd-a9ea-b286b7f0307d,drama free.,5,Revolut
a2cd1a5a-a80c-4a00-afc8-d3e5478e1497,easy practical fast reliable accessible,5,Revolut
1e929423-a5d5-475f-8c71-db56ac8d0905,gud,5,Revolut
87cc9b09-f0cd-4844-a2e9-7403fdf9108d,Great app,5,Revolut
14a8f73b-aad8-4b45-860f-5c04892d4c4c,super,4,Revolut
8fa06b9b-fc1b-48a6-810a-d496fd77b86e,fantastic,5,Revolut
056dae68-8414-455a-85a0-520b0a0e9456,"still love it after a few years, but be careful with their revpoints rounding, that cost me a lot",3,Revolut
1484fe0d-570c-4838-8cfb-dfaf04184dde,Good features and relatively easy to use. Access to many apps included with monthly fees and travel insurance. Hard to find certain information regarding overseas use.,4,Revolut
d6a58533-82b5-4469-b504-4e8fa3ed0e8f,Very simple and efficient to use.,5,Revolut
d8295568-28cc-46d1-a002-029bf9fbd824,everything great from support to design,5,Revolut
8ec6b5ca-8648-407e-bb56-1e98e33bc0fc,Good app and great service,5,Revolut
2644dd9b-401d-4e85-a456-8dbb5b8276dd,"best banking for international travelers, you will get the exact today exchange rate. love Revolut.",5,Revolut
